,City,Cloudiness,Country,Date,Humidity,Lat,Lng,Max Temp,Wind Speed
0,cape town,0,ZA,1650897426,57,-33.9258,18.4232,292.19,9.26
1,bahile,71,PH,1650897735,89,9.9995,118.7878,299.31,1.4
2,mataura,9,NZ,1650897430,92,-46.1927,168.8643,282.86,2.14
3,busselton,100,AU,1650897458,90,-33.65,115.3333,290.0,8.15
4,kapaa,75,US,1650897459,84,22.0752,-159.319,295.99,6.17
5,barrow,100,US,1650897385,85,71.2906,-156.7887,260.16,3.09
6,petrozavodsk,100,RU,1650897735,87,61.7849,34.3469,277.85,3.0
7,ipixuna,46,BR,1650897477,60,-1.7625,-48.8043,303.91,1.88
8,punta arenas,75,CL,1650897374,93,-53.15,-70.9167,279.16,7.2
9,trincomalee,11,LK,1650897736,76,8.5711,81.2335,302.19,3.6
10,hilo,100,US,1650897434,96,19.7297,-155.09,295.53,1.54
11,whitehorse,75,CA,1650897651,82,60.7161,-135.0538,274.32,1.54
12,harlingen,75,US,1650897737,82,26.1906,-97.6961,301.13,8.23
13,rikitea,100,PF,1650897441,79,-23.1203,-134.9692,296.68,5.31
14,arraial do cabo,40,BR,1650897466,61,-22.9661,-42.0278,300.13,4.12
15,atuona,38,PF,1650897438,68,-9.8,-139.0333,299.29,7.5
16,saint-philippe,35,RE,1650897468,84,-21.3585,55.7679,298.27,6.45
17,lompoc,0,US,1650897434,93,34.6391,-120.4579,294.7,2.06
18,saldanha,0,ZA,1650897482,68,-33.0117,17.9442,293.18,7.68
19,bamut,4,RU,1650897738,61,43.1599,45.1973,298.12,2.14
20,micheweni,100,TZ,1650897738,75,-4.9667,39.8333,301.23,3.07
21,qaanaaq,97,GL,1650897432,67,77.484,-69.3632,260.42,2.59
22,sao felix do xingu,10,BR,1650897739,56,-6.6447,-51.995,303.68,2.55
23,chapais,100,CA,1650897739,96,49.7834,-74.8492,276.03,5.58
24,bredasdorp,20,ZA,1650897361,50,-34.5322,20.0403,290.76,4.64
25,east london,0,ZA,1650897431,63,-33.0153,27.9116,292.67,8.23
26,george town,20,MY,1650897740,93,5.4112,100.3354,302.11,2.68
27,port alfred,52,ZA,1650897454,76,-33.5906,26.891,291.58,1.34
28,albany,100,US,1650897500,37,42.6001,-73.9662,288.17,1.79
29,lotofaga,87,WS,1650897740,73,-13.9764,-171.8578,296.03,5.49
30,hobart,100,AU,1650897448,88,-42.8794,147.3294,286.07,2.57
31,eatonton,0,US,1650897598,77,33.3268,-83.3885,297.71,2.68
32,nkhata bay,78,MW,1650897741,72,-11.6066,34.2907,299.1,2.33
33,castro,0,BR,1650897279,57,-24.7911,-50.0119,296.01,2.51
34,jamestown,0,US,1650897384,42,42.097,-79.2353,297.33,5.14
35,ushuaia,100,AR,1650897436,76,-54.8,-68.3,276.94,1.42
36,catia la mar,75,VE,1650897742,69,10.6038,-67.0303,305.36,3.09
37,portland,100,US,1650897358,92,45.5234,-122.6762,285.17,3.6
38,ituporanga,50,BR,1650897742,56,-27.4144,-49.6025,297.34,1.97
39,mahebourg,75,MU,1650897445,69,-20.4081,57.7,298.31,5.66
40,nouakchott,22,MR,1650897743,57,18.0858,-15.9785,303.11,8.91
41,sabha,98,LY,1650897743,7,27.0377,14.4283,308.02,6.06
42,clyde river,100,CA,1650897515,85,70.4692,-68.5914,260.28,11.83
43,chokurdakh,100,RU,1650897488,91,70.6333,147.9167,259.61,2.81
44,kavaratti,21,IN,1650897513,71,10.5669,72.642,302.9,2.35
45,yellowknife,20,CA,1650897744,63,62.456,-114.3525,270.44,6.17
46,galle,100,LK,1650897744,80,6.0367,80.217,300.75,1.72
47,dikson,100,RU,1650897189,95,73.5069,80.5464,262.63,3.14
48,tasiilaq,100,GL,1650897478,94,65.6145,-37.6368,276.24,4.26
49,stornoway,75,GB,1650897745,78,58.2093,-6.3865,283.11,5.66
50,san patricio,16,US,1650897434,66,28.017,-97.5169,300.47,6.9
51,victoria,5,HK,1650897485,82,22.2855,114.1577,301.18,3.58
52,bengkulu,100,ID,1650897504,90,-3.8004,102.2655,298.24,2.77
53,orebro,0,SE,1650897745,18,59.2741,15.2066,291.62,1.54
54,puerto ayora,93,EC,1650897450,83,-0.7393,-90.3518,296.13,3.56
55,manono,84,CD,1650897746,82,-7.3,27.4167,298.63,1.79
56,le port,9,RE,1650897746,75,-20.9373,55.2919,298.49,1.76
57,cherskiy,100,RU,1650897449,85,68.75,161.3,263.6,1.93
58,mwene-ditu,29,CD,1650897746,81,-7.0,23.45,298.01,1.41
59,muscatine,100,US,1650897584,64,41.4667,-91.1335,280.32,7.72
60,chalmette,0,US,1650897747,72,29.9427,-89.9634,301.48,3.09
61,bathsheba,75,BB,1650897747,94,13.2167,-59.5167,298.49,8.23
62,cockburn town,40,TC,1650897523,61,21.4612,-71.1419,300.13,5.14
63,kaitangata,2,NZ,1650897498,74,-46.2817,169.8464,280.92,5.25
64,vaini,100,TO,1650897459,100,-21.2,-175.2,295.24,3.09
65,khatanga,13,RU,1650897459,100,71.9667,102.5,253.53,0.86
66,severo-kurilsk,100,RU,1650897447,97,50.6789,156.125,272.95,7.58
67,pangnirtung,100,CA,1650897748,86,66.1451,-65.7125,268.15,9.77
68,bogdanovich,26,RU,1650897748,62,56.7803,62.0494,282.56,3.33
69,nouadhibou,0,MR,1650897469,60,20.931,-17.0347,296.14,7.72
70,shingu,96,JP,1650897749,93,33.7333,135.9833,290.69,1.16
71,moron,31,AR,1650897749,55,-34.6534,-58.6198,296.49,5.11
72,vilhena,40,BR,1650897749,69,-12.7406,-60.1458,301.27,6.17
73,ponta do sol,81,PT,1650897456,80,32.6667,-17.1,294.33,4.6
74,lebu,100,CL,1650897460,71,-37.6167,-73.65,285.86,8.07
75,staryy nadym,28,RU,1650897750,87,65.6118,72.6842,264.99,2.49
76,meadow lake,0,US,1650897750,31,34.8014,-106.5436,284.59,2.67
77,ancud,100,CL,1650897442,91,-41.8697,-73.8203,283.28,12.32
78,souillac,75,MU,1650897502,69,-20.5167,57.5167,298.36,5.66
79,veraval,0,IN,1650897751,55,20.9,70.3667,302.65,7.15
80,redmond,100,US,1650897751,88,47.674,-122.1215,284.21,1.34
81,aneho,35,TG,1650897751,65,6.2333,1.6,305.26,4.78
82,kabanjahe,100,ID,1650897752,95,3.1001,98.4908,291.26,1.44
83,faanui,60,PF,1650897480,74,-16.4833,-151.75,299.75,1.06
84,avarua,76,CK,1650897453,100,-21.2078,-159.775,295.18,1.03
85,laguna,0,US,1650897517,76,38.421,-121.4238,289.86,2.57
86,port blair,20,IN,1650897752,74,11.6667,92.75,302.17,0.51
87,pisco,100,PE,1650897502,88,-13.7,-76.2167,293.16,3.09
88,ejido,100,VE,1650897753,65,8.5514,-71.2375,299.2,2.07
89,ferrol,26,ES,1650897753,73,43.4832,-8.2369,292.24,4.64
90,sabang,100,ID,1650897753,74,5.8933,95.3214,302.29,4.65
91,tuatapere,17,NZ,1650897495,83,-46.1333,167.6833,280.13,3.25
92,tuktoyaktuk,100,CA,1650897440,91,69.4541,-133.0374,272.51,1.87
93,oyem,100,GA,1650897754,65,1.5995,11.5793,301.12,1.24
94,ardalstangen,100,NO,1650897754,94,61.2371,7.6983,287.42,1.0
95,klaksvik,88,FO,1650897446,83,62.2266,-6.589,280.66,8.64
96,yeppoon,100,AU,1650897544,82,-23.1333,150.7333,293.03,9.15
97,samos,0,GR,1650897755,71,37.7572,26.9769,295.05,2.06
98,lorengau,95,PG,1650897495,81,-2.0226,147.2712,300.08,3.18
99,bubaque,19,GW,1650897452,67,11.2833,-15.8333,299.15,6.05
100,gornopravdinsk,100,RU,1650897755,99,60.05,69.9,276.95,0.97
101,upernavik,22,GL,1650897488,80,72.7868,-56.1549,265.83,1.06
102,sao filipe,3,CV,1650897756,66,14.8961,-24.4956,297.88,5.11
103,buala,87,SB,1650897756,82,-8.145,159.5921,299.99,2.15
104,namatanai,100,PG,1650897583,78,-3.6667,152.4333,299.44,2.13
105,cabo san lucas,1,MX,1650897352,77,22.8909,-109.9124,296.21,0.52
106,leningradskiy,82,RU,1650897463,97,69.3833,178.4167,256.26,2.93
107,imeni poliny osipenko,14,RU,1650897757,97,52.4201,136.4853,264.33,0.64
108,vao,100,NC,1650897479,67,-22.6667,167.4833,296.26,10.33
109,saint george,0,US,1650897259,29,37.1041,-113.5841,280.48,1.54
110,port elizabeth,0,ZA,1650897451,66,-33.918,25.5701,292.65,9.77
111,bitung,48,ID,1650897757,84,1.4451,125.1824,300.62,1.97
112,ilulissat,100,GL,1650897455,93,69.2167,-51.1,270.16,1.54
113,general roca,92,AR,1650897758,30,-39.0333,-67.5833,286.27,4.42
114,aklavik,100,CA,1650897648,92,68.2191,-135.0107,272.47,1.16
115,san ramon,0,US,1650897758,89,37.7799,-121.978,285.27,2.06
116,avera,0,US,1650897452,61,33.194,-82.5271,296.43,2.96
117,hirara,7,JP,1650897557,92,24.8,125.2833,298.75,8.43
118,carnarvon,0,AU,1650897479,64,-24.8667,113.6333,296.19,3.09
119,tiksi,97,RU,1650897444,100,71.6872,128.8694,252.83,1.39
120,new norfolk,78,AU,1650897444,99,-42.7826,147.0587,285.87,1.06
121,faya,10,SA,1650897759,45,18.3851,42.4509,296.21,4.26
122,chililabombwe,28,ZM,1650897759,76,-12.3648,27.8229,294.81,2.4
123,takoradi,77,GH,1650897695,71,4.8845,-1.7554,302.92,3.32
124,ocos,99,GT,1650897760,72,14.5094,-92.1933,300.31,2.73
125,mar del plata,0,AR,1650897301,68,-38.0023,-57.5575,291.16,4.92
126,tadine,99,NC,1650897760,70,-21.55,167.8833,296.28,7.91
127,sorong,42,ID,1650897761,78,-0.8833,131.25,300.77,1.44
128,rio grande,100,BR,1650897511,71,-32.035,-52.0986,293.21,5.05
129,baker city,75,US,1650897761,56,44.7749,-117.8344,283.51,3.09
130,sampit,100,ID,1650897761,96,-2.5333,112.95,297.94,0.59
131,pevek,97,RU,1650897506,95,69.7008,170.3133,255.74,1.67
132,saskylakh,66,RU,1650897489,100,71.9167,114.0833,251.58,1.19
133,trairi,94,BR,1650897762,84,-3.2778,-39.2689,300.3,3.91
134,ndjole,100,GA,1650897762,73,-0.1783,10.7649,303.14,0.94
135,bethel,0,US,1650897480,48,41.3712,-73.414,287.92,4.12
136,teknaf,3,BD,1650897763,87,20.8624,92.3058,300.55,2.11
137,mehamn,99,NO,1650897518,61,71.0357,27.8492,273.09,5.92
138,iqaluit,100,CA,1650897493,92,63.7506,-68.5145,267.98,9.77
139,bonthe,83,SL,1650897472,55,7.5264,-12.505,305.7,5.68
140,kapuskasing,75,CA,1650897763,71,49.4169,-82.4331,282.2,6.69
141,rio gallegos,100,AR,1650897439,93,-51.6226,-69.2181,277.18,6.17
142,singapore,40,SG,1650897144,92,1.2897,103.8501,300.12,1.54
143,marshfield,100,US,1650897764,75,44.6689,-90.1718,276.29,4.12
144,hermanus,0,ZA,1650897448,62,-34.4187,19.2345,292.48,3.78
145,ribeira grande,20,PT,1650897458,63,38.5167,-28.7,291.37,7.72
146,alofi,99,NU,1650897482,76,-19.0595,-169.9187,299.8,4.2
147,codrington,100,AU,1650897461,79,-38.2667,141.9667,286.83,3.25
148,havoysund,51,NO,1650897764,79,70.9963,24.6622,274.28,8.22
149,vila velha,75,BR,1650897433,77,-20.3297,-40.2925,301.12,6.69
150,vila franca do campo,5,PT,1650897508,63,37.7167,-25.4333,289.38,5.83
151,lalmohan,16,BD,1650897765,86,22.3384,90.7419,301.38,6.0
152,lithgow,100,AU,1650897765,99,-33.4833,150.15,283.97,1.48
153,christchurch,75,NZ,1650897606,74,-43.5333,172.6333,285.34,1.54
154,muleba,83,TZ,1650897766,83,-1.8397,31.6544,294.11,1.17
155,salvador,6,SV,1650897766,59,13.8333,-88.9167,299.29,0.12
156,lavrentiya,63,RU,1650897529,91,65.5833,-171.0,261.27,3.0
157,benjamin constant,75,BR,1650897766,83,-4.3831,-70.0311,301.22,2.06
158,hithadhoo,43,MV,1650897457,70,-0.6,73.0833,302.87,3.24
159,high level,100,CA,1650897304,65,58.5169,-117.136,276.21,4.63
160,ganzhou,100,CN,1650897478,97,28.8184,115.4327,295.56,2.02
161,harper,100,LR,1650897456,77,4.375,-7.7169,301.2,4.09
162,kahului,40,US,1650896923,81,20.8947,-156.47,296.4,7.2
163,ketchikan,100,US,1650897767,93,55.3422,-131.6461,278.41,0.0
164,russell,0,US,1650897562,78,32.3502,-85.1999,297.57,1.54
165,srednekolymsk,87,RU,1650897767,99,67.45,153.6833,256.7,2.97
166,airai,100,TL,1650897479,79,-8.9266,125.4092,287.89,0.55
167,gwadar,0,PK,1650897768,76,25.1216,62.3254,301.31,5.03
168,vaxjo,0,SE,1650897768,34,56.8777,14.8091,287.18,3.6
169,kruisfontein,80,ZA,1650897490,66,-34.0033,24.7314,291.42,6.0
170,lazaro cardenas,1,MX,1650897279,57,17.9583,-102.2,299.59,0.23
171,ingham,100,US,1650897769,66,42.6,-84.3833,286.54,2.06
172,nanortalik,79,GL,1650897450,91,60.1432,-45.2371,274.64,5.71
173,talnakh,88,RU,1650897769,100,69.4865,88.3972,256.6,0.99
174,tarauaca,98,BR,1650897770,90,-8.1614,-70.7656,300.32,0.64
175,sao lourenco do sul,88,BR,1650897770,53,-31.3653,-51.9783,300.86,5.63
176,alyangula,28,AU,1650897770,94,-13.8483,136.4192,298.08,0.51
177,sarahan,77,IN,1650897771,57,31.5167,77.8,285.66,2.75
178,sao joao da barra,34,BR,1650897264,69,-21.6403,-41.0511,298.2,4.24
179,koshki,80,RU,1650897771,60,54.2091,50.4677,288.29,1.15
180,mujiayingzi,21,CN,1650897569,34,42.1167,118.7833,290.89,6.12
181,suzun,42,RU,1650897772,62,53.7841,82.3116,278.17,2.02
182,aberdeen,100,GB,1650897772,70,57.1437,-2.0981,284.53,2.57
183,sibolga,100,ID,1650897772,90,1.7427,98.7792,298.47,0.7
184,chuy,100,UY,1650897447,96,-33.6971,-53.4616,291.38,3.22
185,tharad,0,IN,1650897596,34,24.3961,71.6267,303.79,3.68
186,cidreira,91,BR,1650897467,63,-30.1811,-50.2056,297.03,7.04
187,port lincoln,91,AU,1650897525,74,-34.7333,135.8667,292.17,5.56
188,mabaruma,39,GY,1650897773,61,8.2,-59.7833,304.19,1.94
189,hambantota,100,LK,1650897533,100,6.1241,81.1185,300.34,1.54
190,lunca muresului,75,RO,1650897773,88,46.4333,23.9,287.32,4.63
191,tessalit,0,ML,1650897774,10,20.1986,1.0114,308.21,8.46
192,chumphon,30,TH,1650897774,85,10.3333,98.8333,297.38,0.2
193,vostok,100,RU,1650897481,80,46.4856,135.8833,276.43,1.67
194,ternate,86,ID,1650897775,78,0.8,127.4,300.76,0.91
195,sovetskiy,100,RU,1650897775,97,61.3614,63.5842,275.23,1.64
196,vrede,36,ZA,1650897775,47,-27.4257,29.1659,289.94,4.3
197,port-gentil,40,GA,1650897775,74,-0.7193,8.7815,303.13,5.66
198,comodoro rivadavia,0,AR,1650897516,50,-45.8667,-67.5,283.07,9.77
199,alice springs,22,AU,1650897573,94,-23.7,133.8833,285.9,0.0
200,torbay,100,CA,1650897502,97,47.6666,-52.7314,276.8,5.81
201,yulara,40,AU,1650897776,59,-25.2406,130.9889,291.06,4.12
202,xiangxiang,93,CN,1650897776,95,27.7333,112.5333,294.77,2.85
203,kavieng,32,PG,1650897431,72,-2.5744,150.7967,300.86,4.04
204,half moon bay,40,US,1650897436,88,37.4636,-122.4286,285.72,2.57
205,kodiak,100,US,1650897204,65,57.79,-152.4072,276.88,5.14
206,felanitx,37,ES,1650897777,46,39.4696,3.1483,295.62,2.95
207,vestmannaeyjar,20,IS,1650897777,76,63.4427,-20.2734,281.7,4.63
208,khani,2,GE,1650897480,53,41.9563,42.9566,298.91,0.08
209,tilichiki,92,RU,1650897505,88,60.4667,166.1,269.81,5.7
210,adrar,0,MR,1650897537,17,20.5022,-10.0711,305.62,7.04
211,seymchan,99,RU,1650897778,92,62.8833,152.4333,259.33,2.91
212,richards bay,100,ZA,1650897471,90,-28.783,32.0377,293.13,7.01
213,sokolo,0,ML,1650897778,9,14.7328,-6.1219,312.37,5.24
214,kushima,48,JP,1650897779,97,31.4583,131.2333,293.43,0.69
215,krasnoselkup,32,RU,1650897510,92,65.7,82.4667,257.7,2.66
216,guerrero negro,0,MX,1650897432,55,27.9769,-114.0611,292.25,1.49
217,olafsvik,91,IS,1650897549,74,64.8945,-23.7142,280.37,2.56
218,qasigiannguit,99,GL,1650897779,89,68.8193,-51.1922,270.29,0.68
219,bluff,10,NZ,1650897457,66,-46.6,168.3333,283.04,9.57
220,kiama,100,AU,1650897780,93,-34.6833,150.8667,288.92,1.13
221,abu dhabi,0,AE,1650897538,60,24.4667,54.3667,305.21,4.63
222,touros,36,BR,1650897549,61,-5.1989,-35.4608,303.63,6.04
223,lingao,6,CN,1650897780,80,19.9103,109.6859,299.45,3.5
224,chicama,100,PE,1650897781,73,-7.8447,-79.1469,288.45,2.29
225,mercedes,11,AR,1650897781,46,-34.6515,-59.4307,295.95,7.39
226,havre-saint-pierre,100,CA,1650897781,81,50.2334,-63.5986,278.35,5.14
227,kiunga,100,PG,1650897477,100,-6.1219,141.2906,296.51,1.39
228,korla,100,CN,1650897441,35,41.7597,86.1469,292.97,11.49
229,esna,0,EG,1650897782,6,25.2934,32.554,310.16,4.63
230,wajir,93,KE,1650897782,35,1.7471,40.0573,306.86,4.21
231,sitka,20,US,1650897522,87,57.0531,-135.33,277.09,0.0
232,beloha,100,MG,1650897783,64,-25.1667,45.05,298.69,1.04
233,praia da vitoria,20,PT,1650897783,68,38.7333,-27.0667,291.29,7.05
234,paamiut,98,GL,1650897783,87,61.994,-49.6678,272.82,6.17
235,lakes entrance,72,AU,1650897784,93,-37.8811,147.981,282.68,1.24
236,tucuman,0,AR,1650897784,61,-26.8241,-65.2226,298.15,3.6
237,trabzon,0,TR,1650897748,63,40.9167,39.8333,286.2,4.12
238,hami,58,CN,1650897478,20,42.8,93.45,292.23,3.2
239,lagoa,1,PT,1650897507,72,39.05,-27.9833,287.57,5.77
240,camacha,75,PT,1650897785,88,33.0833,-16.3333,288.83,2.06
241,dingle,37,PH,1650897574,89,10.9995,122.6711,299.14,3.37
242,backnang,80,DE,1650897785,83,48.95,9.4333,288.13,2.68
243,deputatskiy,100,RU,1650897498,99,69.3,139.9,255.9,1.03
244,katsuura,100,JP,1650897494,92,35.1333,140.3,292.49,1.74
245,killybegs,95,IE,1650897786,66,54.6333,-8.45,285.99,2.76
246,madimba,100,TZ,1650897786,83,-10.4,40.3333,299.98,3.08
247,havelock,6,US,1650897514,70,34.8791,-76.9013,298.14,5.66
248,yelan-kolenovskiy,100,RU,1650897787,58,51.1632,41.151,292.37,1.9
249,teguise,20,ES,1650897787,64,29.0605,-13.564,292.27,3.6
250,nabire,99,ID,1650897787,92,-3.3667,135.4833,298.01,1.29
251,soe,71,ID,1650897788,72,-9.8607,124.284,290.58,1.5
252,puerto lempira,40,HN,1650897788,78,15.2667,-83.7667,300.23,1.03
253,butaritari,26,KI,1650897436,83,3.0707,172.7902,299.76,6.59
254,honiara,30,SB,1650897525,84,-9.4333,159.95,298.52,1.64
255,tomatlan,0,MX,1650897788,50,19.9333,-105.25,299.0,0.96
256,salalah,20,OM,1650897515,66,17.0151,54.0924,303.2,5.14
257,ajdabiya,100,LY,1650897789,28,30.7554,20.2263,301.08,4.83
258,rence,75,SI,1650897789,80,45.89,13.6686,290.0,1.54
259,muros,18,ES,1650897790,71,42.7762,-9.0603,292.97,2.93
260,thompson,20,CA,1650897469,56,55.7435,-97.8558,258.24,2.57
261,fare,16,PF,1650897790,75,-16.7,-151.0167,299.61,0.87
262,georgetown,20,MY,1650897313,93,5.4112,100.3354,302.11,2.68
263,biloela,100,AU,1650897790,68,-24.4167,150.5,292.43,7.68
264,longyearbyen,40,SJ,1650897455,40,78.2186,15.6401,260.06,4.63
265,isangel,100,VU,1650897509,73,-19.55,169.2667,297.53,6.93
266,chepareria,100,KE,1650897791,84,1.3077,35.2039,292.54,1.33
267,charters towers,100,AU,1650897792,91,-20.1,146.2667,293.98,7.07
268,tibacuy,100,CO,1650897792,85,4.3511,-72.4564,298.36,2.49
269,de-kastri,38,RU,1650897792,95,51.4667,140.7833,267.52,1.51
270,aksu,5,CN,1650897451,12,41.1231,80.2644,296.34,9.8
271,brae,100,GB,1650897793,70,60.3964,-1.353,281.34,7.05
272,karpogory,100,RU,1650897793,89,64.0019,44.4451,276.63,1.18
273,natal,40,BR,1650897793,58,-5.795,-35.2094,304.27,7.2
274,foligno,57,IT,1650897794,69,42.944,12.7011,293.24,3.58
275,kijang,100,KR,1650897794,89,35.2442,129.2139,294.0,1.32
276,itoman,75,JP,1650897795,94,26.1247,127.6694,298.58,5.14
277,biak,92,ID,1650897561,86,-0.9131,122.8766,298.13,2.35
278,narsaq,96,GL,1650897482,83,60.9167,-46.05,278.27,0.35
279,tupiza,96,BO,1650897795,9,-21.45,-65.7167,290.29,0.47
280,swinoujscie,40,PL,1650897795,71,53.9105,14.2471,283.81,3.6
281,basoko,70,CD,1650897796,66,1.2391,23.616,301.38,1.05
282,nuuk,75,GL,1650897796,80,64.1835,-51.7216,272.49,1.54
283,shieli,80,KZ,1650897797,41,44.1667,66.75,290.68,3.41
284,barcelos,53,PT,1650897797,55,41.5388,-8.6151,294.21,3.66
285,fairbanks,100,US,1650897430,79,64.8378,-147.7164,274.6,2.57
286,tateyama,92,JP,1650897797,87,34.9833,139.8667,291.54,1.69
287,le moule,98,GP,1650897798,70,16.3332,-61.3473,302.17,6.19
288,ixtapa,0,MX,1650897798,28,20.7,-105.2,300.74,1.33
289,esperance,100,AU,1650897475,49,-33.8667,121.9,292.06,9.56
290,pekin,12,CN,1650897798,56,39.9075,116.3972,294.09,1.99
291,farafangana,90,MG,1650897799,79,-22.8167,47.8333,296.56,3.93
292,arlit,0,NE,1650897541,5,18.7369,7.3853,313.62,6.68
293,borogontsy,52,RU,1650897799,98,62.6683,131.1683,264.28,1.3
294,labuhan,98,ID,1650897800,85,-6.8844,112.2051,299.73,1.92
295,campo verde,17,BR,1650897800,43,-20.4167,-54.0667,304.55,5.48
296,nikolskoye,100,RU,1650897491,95,59.7035,30.7861,279.19,2.21
297,port hedland,76,AU,1650897514,83,-20.3167,118.5667,296.18,3.6
298,husavik,78,IS,1650897478,75,66.0449,-17.3389,279.48,2.02
299,kieta,83,PG,1650897464,80,-6.2167,155.6333,299.23,0.92
300,cadiz,71,ES,1650897800,59,36.5,-5.75,294.89,2.3
301,bukachacha,100,RU,1650897801,55,52.9833,116.9167,273.75,3.86
302,bourail,100,NC,1650897801,74,-21.5667,165.4833,292.84,2.37
303,sayat,100,TM,1650897802,17,38.7839,63.8803,300.08,4.95
304,mount isa,100,AU,1650897802,100,-20.7333,139.5,294.02,0.51
305,turukhansk,88,RU,1650897802,92,65.8167,87.9833,259.78,2.5
306,podgornoye,0,RU,1650897803,42,51.735,39.1496,293.27,4.0
307,flinders,100,AU,1650897520,90,-34.5833,150.8552,288.81,1.79
308,machico,75,PT,1650897803,95,32.7,-16.7667,294.33,1.54
309,irbeyskoye,99,RU,1650897803,80,55.6428,95.4522,272.94,1.76
310,provideniya,19,RU,1650897453,90,64.3833,-173.3,267.07,4.72
311,college,75,US,1650897804,79,64.8569,-147.8028,274.59,2.57
312,uige,61,AO,1650897804,69,-7.6087,15.0613,299.67,1.29
313,mount gambier,100,AU,1650897462,88,-37.8333,140.7667,286.1,2.57
314,hendrina,87,ZA,1650897805,72,-26.1588,29.7153,288.48,2.75
315,januaria,1,BR,1650897805,30,-15.4833,-44.3667,305.97,4.39
316,mayo,100,US,1650897805,85,38.8876,-76.5119,290.21,3.09
317,alikalia,78,SL,1650897806,29,9.1667,-11.4,308.97,1.05
318,kuusamo,0,FI,1650897806,49,65.9667,29.1833,279.17,4.12
319,tautira,25,PF,1650897806,76,-17.7333,-149.15,299.57,1.78
320,pustoshka,80,RU,1650897807,67,56.3355,29.369,284.05,2.04
321,beringovskiy,100,RU,1650897518,96,63.05,179.3167,269.19,6.19
322,lumby,100,CA,1650897534,57,50.2498,-118.969,282.06,5.66
323,shache,98,CN,1650897807,10,38.4167,77.2406,297.49,9.5
324,mwinilunga,9,ZM,1650897807,74,-11.7358,24.4293,295.13,2.75
325,martil,20,MA,1650897808,63,35.6166,-5.2752,292.13,4.63
326,zhanaozen,77,KZ,1650897808,18,43.3,52.8,297.32,4.21
327,qandala,96,SO,1650897551,62,11.472,49.8728,303.53,2.91
328,pasighat,84,IN,1650897808,77,28.0667,95.3333,295.24,2.33
329,grand gaube,4,MU,1650897552,70,-20.0064,57.6608,298.37,3.13
330,norman wells,75,CA,1650897464,86,65.282,-126.8329,272.17,0.0
331,kirovskiy,77,RU,1650897809,47,45.0917,133.5136,285.2,2.33
332,panama city,20,PA,1650897592,76,8.9936,-79.5197,303.39,2.06
333,mutoko,17,ZW,1650897809,47,-17.397,32.2268,297.39,2.56
334,roros,40,NO,1650897810,70,62.5747,11.3842,277.06,7.2
335,yumen,53,CN,1650897586,15,40.2833,97.2,286.66,9.63
336,samana,75,DO,1650897810,83,19.2056,-69.3369,299.27,4.12
337,razole,7,IN,1650897810,84,16.4833,81.8333,301.41,3.78
338,xining,100,CN,1650897484,47,36.6167,101.7667,285.58,1.65
339,stokmarknes,75,NO,1650897811,75,68.5646,14.9108,276.13,6.17
340,nanakuli,0,US,1650897811,66,21.3906,-158.1547,296.27,2.06
341,la palma,20,US,1650897811,43,33.8464,-118.0467,297.56,1.54
342,hualmay,100,PE,1650897812,76,-11.0964,-77.6139,294.43,3.09
343,asau,55,RO,1650897515,62,46.4333,26.4,290.9,3.73
344,mecca,14,SA,1650897560,36,21.4267,39.8261,306.49,8.09
345,nome,100,US,1650897473,93,64.5011,-165.4064,272.19,2.06
346,margate,63,GB,1650897489,76,51.3813,1.3862,285.99,4.47
347,luau,100,AO,1650897534,76,-10.7073,22.2247,296.3,0.89
348,bambous virieux,75,MU,1650897441,69,-20.3428,57.7575,298.29,5.66
349,san juan,0,AR,1650897307,24,-31.5375,-68.5364,297.15,2.84
350,jyvaskyla,0,FI,1650897813,35,62.2415,25.7209,285.44,3.09
351,geraldton,100,AU,1650897471,73,-28.7667,114.6,294.38,6.69
352,lata,74,PT,1650897813,45,40.1629,-8.3327,295.64,4.41
353,maniitsoq,100,GL,1650897813,78,65.4167,-52.9,271.23,2.52
354,saint andrews,0,US,1650897814,70,34.0454,-81.1293,298.04,3.6
355,lixourion,0,GR,1650897814,94,38.2019,20.4314,292.15,3.6
356,celestun,0,MX,1650897553,64,20.8667,-90.4,301.49,4.61
357,bargarh,0,IN,1650897610,13,21.3333,83.6167,307.99,1.05
358,rorvik,40,NO,1650897815,65,64.8621,11.2373,280.21,5.66
359,tupik,100,RU,1650897815,65,54.4253,119.9327,272.14,2.36
360,paciran,84,ID,1650897815,84,-6.8767,112.3761,299.96,2.21
361,diveyevo,49,RU,1650897816,72,55.0433,43.2418,288.66,3.26
362,meulaboh,100,ID,1650897514,86,4.1363,96.1285,299.05,2.13
363,pochutla,3,MX,1650897538,49,15.7432,-96.4661,301.38,1.73
364,tanout,53,NE,1650897816,6,14.9709,8.8879,313.66,2.89
365,sinnamary,97,GF,1650897477,73,5.3833,-52.95,301.83,3.63
366,maldonado,100,UY,1650897816,97,-34.6667,-54.9167,291.61,1.37
367,hasaki,96,JP,1650897562,90,35.7333,140.8333,288.37,3.19
368,vahan,65,AM,1650897817,68,40.5755,45.3977,285.35,1.06
369,pacific grove,75,US,1650897485,93,36.6177,-121.9166,284.21,4.92
370,lyngseidet,100,NO,1650897818,95,69.5763,20.2189,275.15,4.92
371,vitim,100,RU,1650897818,96,59.4511,112.5578,270.66,2.54
372,plettenberg bay,36,ZA,1650897818,66,-34.0527,23.3716,289.42,3.16
373,hamina,100,FI,1650897819,89,60.5697,27.1979,283.75,1.26
374,arrecife,20,ES,1650897819,64,28.963,-13.5477,294.14,3.6
375,lokosovo,100,RU,1650897819,99,61.1333,74.8167,273.96,1.19
376,hamilton,75,US,1650897475,68,39.1834,-84.5333,296.2,6.17
377,agaro,100,ET,1650897820,96,7.85,36.65,290.37,1.28
378,pingdu,71,CN,1650897820,96,36.7844,119.9464,287.45,2.42
379,sorland,40,NO,1650897820,56,67.667,12.6934,277.07,9.26
380,susangerd,100,IR,1650897821,44,31.5608,48.1831,299.13,6.1
381,nhulunbuy,13,AU,1650897821,89,-12.2333,136.7667,299.49,0.0
382,ostrovnoy,100,RU,1650897821,99,68.0531,39.5131,274.67,2.72
383,kasongo,76,CD,1650897822,90,-4.45,26.6667,297.67,1.32
384,ayorou,9,NE,1650897822,5,14.7308,0.9174,314.35,4.2
385,langarud,100,IR,1650897822,74,37.197,50.1535,293.18,0.7
386,dwarka,0,IN,1650897823,69,22.2394,68.9678,301.55,4.56
387,angoche,100,MZ,1650897823,85,-16.2325,39.9086,299.36,2.13
388,ahipara,28,NZ,1650897437,86,-35.1667,173.1667,288.3,2.51
389,yaan,37,NG,1650897647,35,7.3833,8.5667,309.35,3.73
390,maswa,100,TZ,1650897824,82,-2.6833,33.9833,295.16,1.55
391,kozhva,100,RU,1650897824,89,65.1073,57.0459,273.58,1.95
392,bandarbeyla,36,SO,1650897824,68,9.4942,50.8122,301.71,4.58
393,chinsali,37,ZM,1650897825,85,-10.5414,32.0816,294.18,3.04
394,valparaiso,40,CL,1650897825,83,-33.0393,-71.6273,290.28,2.57
395,saint-pierre,0,RE,1650897559,68,-21.3393,55.4781,298.31,7.72
396,kemijarvi,100,FI,1650897825,98,66.7131,27.4306,275.98,2.04
397,alugan,100,PH,1650897826,86,12.2188,125.4808,300.4,5.98
398,liwale,91,TZ,1650897826,94,-9.7667,37.9333,296.19,1.8
399,penzance,20,GB,1650897827,71,50.1186,-5.5371,286.77,6.17
400,aron,0,IN,1650897827,10,24.3833,77.4167,306.95,2.24
401,panji,22,ID,1650897827,88,-7.7253,114.0995,297.91,1.96
402,waitara,13,NZ,1650897828,87,-38.925,174.25,285.5,2.47
403,aksarka,45,RU,1650897537,94,66.5606,67.7975,269.15,3.38
404,port macquarie,100,AU,1650897828,79,-31.4333,152.9167,288.09,0.45
405,sterling,100,US,1650897334,89,39.0062,-77.4286,287.88,2.06
406,ambilobe,50,MG,1650897828,77,-13.2,49.05,298.14,2.47
407,sola,75,VU,1650897829,77,-13.8833,167.55,299.52,3.77
408,sao joao de pirabas,55,BR,1650897829,74,-0.7747,-47.1772,301.92,3.45
409,raudeberg,42,NO,1650897530,83,61.9875,5.1352,283.52,9.8
410,nizwa,75,OM,1650897830,19,22.9333,57.5333,306.55,2.54
411,bondo,97,CD,1650897830,64,3.8146,23.6866,299.93,1.28
412,bac lieu,76,VN,1650897830,72,9.285,105.7244,301.85,3.55
413,namibe,3,AO,1650897537,72,-15.1961,12.1522,296.72,3.78
414,marquette,99,US,1650897831,60,46.5333,-87.6335,280.27,4.57
415,westport,100,US,1650897831,56,41.1415,-73.3579,288.62,2.24
416,chimbote,100,PE,1650897831,77,-9.0853,-78.5783,294.3,2.99
417,vardo,40,NO,1650897526,75,70.3705,31.1107,275.14,5.66
418,beziers,0,FR,1650897832,40,43.3476,3.219,295.0,4.12
419,gravdal,75,NO,1650897832,60,68.1214,13.5031,275.09,7.2
420,nazarovo,95,RU,1650897833,75,56.0064,90.3914,274.21,1.48
421,ucluelet,100,CA,1650897464,93,48.9329,-125.5528,281.32,1.76
422,provost,38,CA,1650897833,64,52.3501,-110.2683,279.4,8.28
423,mgandu,97,TZ,1650897833,88,-5.95,34.1333,292.92,1.76
424,lasa,85,IT,1650897834,78,46.6166,10.7002,288.53,0.89
425,mortka,66,RU,1650897834,99,59.3322,66.0214,277.48,2.08
426,grindavik,75,IS,1650897468,66,63.8424,-22.4338,281.41,3.09
427,kautokeino,100,NO,1650897834,88,69.0125,23.0412,272.24,6.52
428,nampula,40,MZ,1650897835,74,-15.1165,39.2666,301.12,2.57
429,urumqi,100,CN,1650897722,87,43.801,87.6005,280.68,6.0
430,leon,0,MX,1650897629,25,21.1167,-101.6667,291.18,1.97
431,okhotsk,46,RU,1650897546,85,59.3833,143.3,268.07,3.54
432,quatre cocos,28,MU,1650897835,69,-20.2078,57.7625,298.21,7.76
433,taraz,100,KZ,1650897836,55,42.9,71.3667,288.38,3.0
434,guaca,100,CO,1650897836,87,6.8762,-72.8559,283.75,1.21
435,khartoum,2,SD,1650897598,5,15.5518,32.5324,315.38,0.89
436,kawalu,77,ID,1650897836,97,-7.3817,108.2082,296.55,0.15
437,bafq,100,IR,1650897837,16,31.6128,55.4107,304.11,1.93
438,phayakkhaphum phisai,22,TH,1650897837,51,15.5163,103.1937,306.16,3.71
439,muhos,100,FI,1650897837,76,64.808,25.9931,278.03,0.37
440,san rafael,0,AR,1650897636,40,-34.6177,-68.3301,289.62,4.59
441,erzin,0,TR,1650897838,55,36.9559,36.2,296.56,2.15
442,conakry,0,GN,1650897702,55,9.538,-13.6773,305.19,7.2
443,kimbe,75,PG,1650897838,93,-5.5502,150.1429,297.52,1.29
444,lodwar,100,KE,1650897839,35,3.1191,35.5973,306.62,4.03
445,washington,100,US,1650897718,68,47.5001,-120.5015,280.88,1.32
446,guiratinga,39,BR,1650897839,46,-16.3494,-53.7583,304.88,3.41
447,barstow,77,US,1650897721,12,34.8986,-117.0228,282.7,1.81
448,datong,49,CN,1650897839,27,40.0936,113.2914,288.28,8.2
449,lebork,100,PL,1650897840,83,54.5392,17.7501,279.77,4.34
450,bowen,100,AU,1650897840,80,-20.0167,148.2333,297.94,9.25
451,businga,100,CD,1650897840,82,3.3333,20.8833,298.28,0.28
452,mpika,63,ZM,1650897841,82,-11.8343,31.4529,293.38,3.32
453,ercis,97,TR,1650897841,62,39.0287,43.3586,286.96,2.61
454,kampene,31,CD,1650897841,66,-3.6,26.6667,300.25,1.5
455,arti,99,RU,1650897842,87,56.4234,58.5328,282.27,2.14
456,imbituba,17,BR,1650897842,54,-28.24,-48.6703,296.96,7.4
457,huarmey,100,PE,1650897842,77,-10.0681,-78.1522,294.66,3.41
458,darhan,52,MN,1650897843,38,49.4867,105.9228,270.69,1.85
459,boa vista,40,BR,1650897843,66,2.8197,-60.6733,303.14,1.54
460,padang,100,ID,1650897843,88,-0.9492,100.3543,298.18,1.81
461,naze,29,JP,1650897527,93,28.3667,129.4833,295.66,5.24
462,mattru,70,SL,1650897844,37,7.6244,-11.8332,309.7,1.39
463,shihezi,100,CN,1650897844,64,44.3,86.0333,285.11,4.71
464,balaipungut,100,ID,1650897845,97,1.05,101.2833,297.86,1.35
465,baruun-urt,48,MN,1650897435,64,46.6806,113.2792,272.19,5.19
466,yei,90,SS,1650897845,68,4.095,30.6779,297.84,1.0
467,iskateley,100,RU,1650897581,99,67.6803,53.1512,273.47,5.13
468,chaozhou,2,CN,1650897846,86,23.6651,116.6379,299.07,1.28
469,benguela,34,AO,1650897846,78,-12.5763,13.4055,299.06,2.92
470,verkhnyaya inta,100,RU,1650897846,92,65.9811,60.3094,272.8,6.32
471,sioux lookout,100,CA,1650897601,79,50.1001,-91.917,264.19,6.17
472,mont-dore,100,NC,1650897847,99,-22.2833,166.5833,297.04,3.66
473,dunedin,5,NZ,1650897462,67,-45.8742,170.5036,283.04,4.02
474,dauphin,0,CA,1650897847,67,51.1494,-100.0502,264.23,6.17
475,champerico,76,GT,1650897847,69,14.3,-91.9167,300.45,2.96
476,umm kaddadah,47,SD,1650897848,6,13.6017,26.6876,311.82,3.66
477,vila,70,PT,1650897556,55,42.0304,-8.1588,289.09,3.54
478,nishihara,75,JP,1650897848,94,26.1842,127.7558,298.18,5.14
479,byron bay,100,AU,1650897848,70,-28.65,153.6167,293.09,2.85
480,moose factory,75,CA,1650897849,81,51.2585,-80.6094,282.15,5.14
481,salta,0,AR,1650897849,62,-24.7859,-65.4117,296.25,1.79
482,grand forks,100,US,1650897850,80,47.9417,-97.4337,269.11,9.77
483,santa lucia,75,ES,1650897850,50,27.9117,-15.5407,292.77,8.75
484,fort myers beach,0,US,1650897850,64,26.452,-81.9481,301.48,4.63
485,north bend,100,US,1650897457,96,43.4065,-124.2243,284.74,3.09
486,kolondieba,100,ML,1650897851,8,11.0882,-6.8926,313.02,2.63
487,zyryanka,89,RU,1650897851,96,65.75,150.85,261.8,4.21
488,ogaminana,34,NG,1650897852,35,7.5946,6.2248,309.44,2.35
489,ornskoldsvik,100,SE,1650897674,57,63.2909,18.7153,282.68,5.14
490,tarko-sale,58,RU,1650897852,88,64.9225,77.785,262.42,3.0
491,timbiqui,100,CO,1650897852,77,2.7717,-77.6654,300.06,0.56
492,umarkot,1,PK,1650897853,24,25.3616,69.7362,308.62,10.01
493,constitucion,100,CL,1650897510,87,-35.3333,-72.4167,285.88,3.26
494,khorramshahr,100,IR,1650897569,30,30.4397,48.1664,304.13,3.09
495,russkaya polyana,100,UA,1650897853,53,49.417,31.9201,292.63,3.76
496,luanshya,1,ZM,1650897854,76,-13.1367,28.4166,295.85,1.58
497,samarai,30,PG,1650897520,77,-10.6167,150.6667,301.26,6.24
498,maragogi,82,BR,1650897749,79,-9.0122,-35.2225,300.42,6.34
499,bertoua,100,CM,1650897854,57,4.5833,13.6833,301.05,2.44
500,keningau,100,MY,1650897855,99,5.3378,116.1602,296.12,0.18
501,rocha,100,UY,1650897528,96,-34.4833,-54.3333,291.94,2.31
502,atocha,95,BO,1650897855,11,-20.9333,-66.2333,283.38,4.51
503,basco,0,PH,1650897855,86,20.4487,121.9702,300.61,8.53
504,mocuba,50,MZ,1650897581,88,-16.8392,36.9856,298.09,1.94
505,sur,0,OM,1650897485,42,22.5667,59.5289,305.2,1.32
506,matara,98,LK,1650897856,87,5.9485,80.5353,299.73,2.0
507,cururupu,97,BR,1650897856,79,-1.8283,-44.8683,301.07,2.61
508,fujinomiya,90,JP,1650897856,94,35.2167,138.6167,290.7,0.62
509,stawell,81,AU,1650897857,73,-37.05,142.7667,286.94,2.56
510,luderitz,0,NA,1650897512,44,-26.6481,15.1594,294.29,10.05
511,marsh harbour,18,BS,1650897857,63,26.5412,-77.0636,296.9,6.52
512,orotukan,100,RU,1650897858,99,62.2667,151.7,259.2,1.28
513,limoux,94,FR,1650897858,72,42.9167,2.1667,291.21,2.02
514,flin flon,0,CA,1650897569,44,54.7682,-101.865,262.06,3.6
515,champa,1,IN,1650897858,10,22.05,82.65,305.98,2.97
516,uyuni,79,BO,1650897859,14,-20.4597,-66.825,283.8,5.4
517,kyzyl-suu,91,KG,1650897859,76,42.3414,78.0056,280.75,3.06
518,illapel,0,CL,1650897860,58,-31.6308,-71.1653,293.24,1.73
519,zhigansk,54,RU,1650897533,92,66.7697,123.3711,258.56,1.23
520,kristiinankaupunki,18,FI,1650897860,68,62.2743,21.376,278.73,2.67
521,diu,0,IN,1650897860,33,20.7141,70.9822,304.86,6.94
522,oil city,0,US,1650897861,52,41.4339,-79.7064,297.68,5.66
523,ormara,0,PK,1650897861,80,25.2088,64.6357,301.21,7.71
524,rafraf,100,TN,1650897861,65,37.1904,10.1837,294.32,5.27
525,petatlan,5,MX,1650897862,44,17.5167,-101.2667,301.72,1.37
526,wisla,99,PL,1650897862,90,49.6563,18.8591,284.21,1.91
527,barra do garcas,0,BR,1650897539,48,-15.89,-52.2567,305.47,1.03
528,vredendal,0,ZA,1650897863,27,-31.6683,18.5012,295.41,4.34
529,sambava,46,MG,1650897584,84,-14.2667,50.1667,298.36,4.78
530,labuan,40,MY,1650897863,94,5.2767,115.2417,299.35,3.13
531,challans,38,FR,1650897863,68,46.8436,-1.8749,291.46,3.9
532,usilampatti,100,IN,1650897864,54,9.9667,77.8,304.68,3.28
533,baishishan,0,CN,1650897864,68,43.5833,127.5667,289.75,5.48
534,quelimane,75,MZ,1650897864,83,-17.8786,36.8883,301.12,2.57
535,bilma,0,NE,1650897586,6,18.6853,12.9164,315.44,4.97
536,lubumbashi,16,CD,1650897865,89,-11.6609,27.4794,294.5,1.51
537,saint-augustin,97,CA,1650897555,96,51.226,-58.6502,278.05,4.56
538,yinchuan,94,CN,1650897755,19,38.4681,106.2731,294.08,6.47
539,zhuanghe,100,CN,1650897865,96,39.7008,122.9911,283.33,1.58
540,santa rosa de aguan,0,HN,1650897866,70,15.95,-85.7167,302.16,1.64
541,denpasar,20,ID,1650897866,88,-8.65,115.2167,300.96,3.6
542,banda aceh,100,ID,1650897665,81,5.5577,95.3222,300.72,4.25
543,ashland,99,US,1650897572,61,40.8167,-82.2665,296.15,5.68
544,gavle,100,SE,1650897702,43,60.6745,17.1417,288.55,0.89
545,waddan,70,LY,1650897867,10,29.1614,16.139,303.72,4.31
546,cairns,75,AU,1650897471,97,-16.9167,145.7667,297.63,2.57
547,xihe,100,CN,1650897867,89,31.6864,113.4659,292.37,2.48
548,thinadhoo,53,MV,1650897519,70,0.5333,72.9333,302.97,3.47
549,kachug,4,RU,1650897867,82,53.9606,105.8817,268.1,1.54
550,ust-koksa,100,RU,1650897868,61,50.2696,85.6108,276.98,0.41
551,smithers,75,CA,1650897868,93,54.7804,-127.1743,277.33,1.03
552,tura,0,IN,1650897487,48,25.5198,90.2201,298.02,2.21
553,nichinan,39,JP,1650897868,95,31.6,131.3667,293.4,1.33
554,ypsonas,0,CY,1650897869,46,34.6884,32.9574,296.69,5.66
555,marawi,100,PH,1650897226,94,7.9986,124.2928,294.38,0.8
556,chabahar,0,IR,1650897519,68,25.2919,60.643,301.94,4.46
557,kljuc,21,BA,1650897869,52,44.535,16.7722,290.37,3.59
558,jardim,1,BR,1650897870,43,-21.4803,-56.1381,306.11,5.61
